{
    "train_test": 0.6350846074559617,
    "train_val": 0.5028200922596191,
    "test_val": 0.5312958470726934
}