{
    "train_test": 0.5918534536144654,
    "train_val": 0.4900684050277724,
    "test_val": 0.6072941866965408
}