{
    "train_test": 0.5135270345868425,
    "train_val": 0.5283388546247679,
    "test_val": 0.5174106919813781
}