{
    "train_test": 0.6033471888140303,
    "train_val": 0.5034196248745438,
    "test_val": 0.6061717136475187
}